{
  "favorites": [],
  "lookup_history": [
    "item:create:creative_fluid_tank",
    "item:create_connected:creative_fluid_vessel",
    "item:create:fluid_tank",
    "item:immersiveengineering:alloybrick",
    "item:enderio:energetic_alloy_grinding_ball",
    "item:create:andesite_alloy_block",
    "item:create:andesite_alloy",
    "item:enderio:alloy_smelter",
    "item:enderio:primitive_alloy_smelter",
    "item:enderio:conductive_alloy_grinding_ball",
    "item:enderio:copper_alloy_ingot",
    "item:enderio:energetic_alloy_ingot",
    "item:enderio:vibrant_alloy_ingot",
    "item:enderio:redstone_alloy_ingot",
    "item:enderio:conductive_alloy_ingot",
    "item:colossalchests:chest_wall_obsidian",
    "item:colossalchests:chest_wall_silver",
    "item:colossalchests:chest_wall_iron",
    "item:colossalchests:chest_wall_copper",
    "item:colossalchests:chest_wall_wood",
    "item:colossalchests:chest_wall_diamond",
    "item:enderio:powdered_obsidian",
    "item:minecraft:obsidian",
    "item:mekanism:dust_obsidian",
    "item:mekanism:dust_refined_obsidian",
    "item:easy_villagers:iron_farm",
    "item:minecraft:diamond_sword{Damage:0}"
  ],
  "craft_history": [],
  "recipe_defaults": {
    "added": [],
    "tags": {},
    "resolutions": {},
    "disabled": []
  },
  "hidden_stacks": []
}